seqnames,gc,gcmed
chr1,0.2,568
chr1,0.21,1397
chr1,0.22,3129
chr1,0.23,5987
chr1,0.24,9998
chr1,0.25,15997
chr1,0.26,22234
chr1,0.27,30555
chr1,0.28,41243
chr1,0.29,47923
chr1,0.3,58703
chr1,0.31,66743
chr1,0.32,75090
chr1,0.33,77407
chr1,0.34,92551
chr1,0.35,92692
chr1,0.36,96834
chr1,0.37,94331
chr1,0.38,100986
chr1,0.39,98340
chr1,0.4,96832
chr1,0.41,92622
chr1,0.42,90212
chr1,0.43,85691
chr1,0.44,82801
chr1,0.45,80626
chr1,0.46,78155
chr1,0.47,72236
chr1,0.48,70225
chr1,0.49,70889
chr1,0.5,60843
chr1,0.51,64797
chr1,0.52,57016
chr1,0.53,49883
chr1,0.54,43605
chr1,0.55,35343
chr1,0.56,28582
chr1,0.57,23972
chr1,0.58,19450
chr1,0.59,15990
chr1,0.6,13412
chr1,0.61,10936
chr1,0.62,8948
chr1,0.63,6806
chr1,0.64,5767
chr1,0.65,4447
chr1,0.66,3577
chr1,0.67,2419
chr1,0.68,1967
chr1,0.69,1441
chr1,0.7,1131
chr1,0.71,835
chr1,0.72,684
chr1,0.73,505
chr1,0.74,393
chr1,0.75,337
chr1,0.76,284
chr1,0.77,252
chr1,0.78,254
chr1,0.79,219
chr1,0.8,170
chr2,0.2,747
chr2,0.21,1815
chr2,0.22,4183
chr2,0.23,7777
chr2,0.24,13179
chr2,0.25,21218
chr2,0.26,29658
chr2,0.27,40223
chr2,0.28,54168
chr2,0.29,62321
chr2,0.3,75144
chr2,0.31,84972
chr2,0.32,94903
chr2,0.33,96303
chr2,0.34,114343
chr2,0.35,112440
chr2,0.36,115798
chr2,0.37,110562
chr2,0.38,116885
chr2,0.39,112056
chr2,0.4,108214
chr2,0.41,101751
chr2,0.42,97466
chr2,0.43,90742
chr2,0.44,85763
chr2,0.45,80860
chr2,0.46,77387
chr2,0.47,69883
chr2,0.48,65983
chr2,0.49,64630
chr2,0.5,53907
chr2,0.51,55959
chr2,0.52,48699
chr2,0.53,41872
chr2,0.54,35956
chr2,0.55,28731
chr2,0.56,22994
chr2,0.57,18949
chr2,0.58,15170
chr2,0.59,12465
chr2,0.6,10334
chr2,0.61,8389
chr2,0.62,6863
chr2,0.63,5108
chr2,0.64,4245
chr2,0.65,3187
chr2,0.66,2485
chr2,0.67,1628
chr2,0.68,1280
chr2,0.69,933
chr2,0.7,736
chr2,0.71,531
chr2,0.72,466
chr2,0.73,358
chr2,0.74,297
chr2,0.75,253
chr2,0.76,214
chr2,0.77,182
chr2,0.78,161
chr2,0.79,127
chr2,0.8,101
chr3,0.2,665
chr3,0.21,1640
chr3,0.22,3662
chr3,0.23,6796
chr3,0.24,11331
chr3,0.25,17976
chr3,0.26,25439
chr3,0.27,33818
chr3,0.28,45712
chr3,0.29,52787
chr3,0.3,64687
chr3,0.31,73109
chr3,0.32,82146
chr3,0.33,83938
chr3,0.34,99970
chr3,0.35,98530
chr3,0.36,101936
chr3,0.37,97500
chr3,0.38,102601
chr3,0.39,96950
chr3,0.4,93503
chr3,0.41,87229
chr3,0.42,83032
chr3,0.43,76418
chr3,0.44,71392
chr3,0.45,66773
chr3,0.46,62503
chr3,0.47,55813
chr3,0.48,52229
chr3,0.49,50466
chr3,0.5,41681
chr3,0.51,42646
chr3,0.52,36869
chr3,0.53,31478
chr3,0.54,26833
chr3,0.55,21375
chr3,0.56,16717
chr3,0.57,13325
chr3,0.58,10500
chr3,0.59,8457
chr3,0.6,6838
chr3,0.61,5374
chr3,0.62,4207
chr3,0.63,3006
chr3,0.64,2441
chr3,0.65,1747
chr3,0.66,1309
chr3,0.67,835
chr3,0.68,659
chr3,0.69,500
chr3,0.7,410
chr3,0.71,330
chr3,0.72,296
chr3,0.73,243
chr3,0.74,195
chr3,0.75,160
chr3,0.76,129
chr3,0.77,111
chr3,0.78,96
chr3,0.79,80
chr3,0.8,68
chr4,0.2,950
chr4,0.21,2315
chr4,0.22,5164
chr4,0.23,9292
chr4,0.24,14912
chr4,0.25,23552
chr4,0.26,32118
chr4,0.27,42275
chr4,0.28,55258
chr4,0.29,62418
chr4,0.3,74419
chr4,0.31,81849
chr4,0.32,89995
chr4,0.33,90149
chr4,0.34,104576
chr4,0.35,101283
chr4,0.36,101736
chr4,0.37,95236
chr4,0.38,97636
chr4,0.39,90701
chr4,0.4,85622
chr4,0.41,78049
chr4,0.42,72524
chr4,0.43,65388
chr4,0.44,59691
chr4,0.45,55000
chr4,0.46,50150
chr4,0.47,43614
chr4,0.48,40010
chr4,0.49,37747
chr4,0.5,30529
chr4,0.51,30991
chr4,0.52,26149
chr4,0.53,21924
chr4,0.54,18531
chr4,0.55,13955
chr4,0.56,10524
chr4,0.57,8262
chr4,0.58,6431
chr4,0.59,5140
chr4,0.6,4155
chr4,0.61,3359
chr4,0.62,2826
chr4,0.63,2265
chr4,0.64,2021
chr4,0.65,1668
chr4,0.66,1456
chr4,0.67,1028
chr4,0.68,882
chr4,0.69,702
chr4,0.7,541
chr4,0.71,401
chr4,0.72,330
chr4,0.73,248
chr4,0.74,185
chr4,0.75,144
chr4,0.76,116
chr4,0.77,102
chr4,0.78,85
chr4,0.79,72
chr4,0.8,59
chr5,0.2,677
chr5,0.21,1577
chr5,0.22,3520
chr5,0.23,6524
chr5,0.24,10853
chr5,0.25,17083
chr5,0.26,23945
chr5,0.27,32506
chr5,0.28,42898
chr5,0.29,48947
chr5,0.3,59250
chr5,0.31,66515
chr5,0.32,74659
chr5,0.33,75743
chr5,0.34,89860
chr5,0.35,88597
chr5,0.36,91299
chr5,0.37,86762
chr5,0.38,90977
chr5,0.39,85920
chr5,0.4,83078
chr5,0.41,77347
chr5,0.42,73380
chr5,0.43,67687
chr5,0.44,63095
chr5,0.45,58961
chr5,0.46,55581
chr5,0.47,49486
chr5,0.48,46460
chr5,0.49,44706
chr5,0.5,36537
chr5,0.51,37764
chr5,0.52,32446
chr5,0.53,27484
chr5,0.54,23245
chr5,0.55,18279
chr5,0.56,14394
chr5,0.57,11458
chr5,0.58,8796
chr5,0.59,7076
chr5,0.6,5696
chr5,0.61,4580
chr5,0.62,3589
chr5,0.63,2654
chr5,0.64,2197
chr5,0.65,1666
chr5,0.66,1350
chr5,0.67,934
chr5,0.68,783
chr5,0.69,598
chr5,0.7,471
chr5,0.71,363
chr5,0.72,320
chr5,0.73,244
chr5,0.74,201
chr5,0.75,170
chr5,0.76,138
chr5,0.77,118
chr5,0.78,106
chr5,0.79,82
chr5,0.8,68
chr6,0.2,605
chr6,0.21,1453
chr6,0.22,3289
chr6,0.23,6255
chr6,0.24,10212
chr6,0.25,16317
chr6,0.26,22929
chr6,0.27,30440
chr6,0.28,41190
chr6,0.29,47033
chr6,0.3,57181
chr6,0.31,64039
chr6,0.32,70851
chr6,0.33,72231
chr6,0.34,85236
chr6,0.35,83793
chr6,0.36,85323
chr6,0.37,81765
chr6,0.38,85668
chr6,0.39,81638
chr6,0.4,79755
chr6,0.41,74415
chr6,0.42,70720
chr6,0.43,65084
chr6,0.44,60085
chr6,0.45,56540
chr6,0.46,52865
chr6,0.47,47537
chr6,0.48,44527
chr6,0.49,43006
chr6,0.5,35491
chr6,0.51,36645
chr6,0.52,31703
chr6,0.53,27195
chr6,0.54,23036
chr6,0.55,17874
chr6,0.56,13676
chr6,0.57,10877
chr6,0.58,8532
chr6,0.59,6708
chr6,0.6,5294
chr6,0.61,4081
chr6,0.62,3254
chr6,0.63,2335
chr6,0.64,1874
chr6,0.65,1362
chr6,0.66,1065
chr6,0.67,716
chr6,0.68,599
chr6,0.69,467
chr6,0.7,394
chr6,0.71,318
chr6,0.72,300
chr6,0.73,240
chr6,0.74,208
chr6,0.75,166
chr6,0.76,132
chr6,0.77,110
chr6,0.78,92
chr6,0.79,79
chr6,0.8,63
chr7,0.2,478
chr7,0.21,1181
chr7,0.22,2707
chr7,0.23,4958
chr7,0.24,8273
chr7,0.25,13211
chr7,0.26,18619
chr7,0.27,25038
chr7,0.28,33646
chr7,0.29,38041
chr7,0.3,45948
chr7,0.31,52000
chr7,0.32,57867
chr7,0.33,58909
chr7,0.34,70010
chr7,0.35,69116
chr7,0.36,70935
chr7,0.37,68139
chr7,0.38,71018
chr7,0.39,67472
chr7,0.4,65265
chr7,0.41,61253
chr7,0.42,58537
chr7,0.43,54129
chr7,0.44,51474
chr7,0.45,49249
chr7,0.46,47399
chr7,0.47,43075
chr7,0.48,41406
chr7,0.49,40685
chr7,0.5,34482
chr7,0.51,36455
chr7,0.52,31837
chr7,0.53,27702
chr7,0.54,23830
chr7,0.55,18804
chr7,0.56,14730
chr7,0.57,12178
chr7,0.58,9739
chr7,0.59,8186
chr7,0.6,6794
chr7,0.61,5586
chr7,0.62,4760
chr7,0.63,3777
chr7,0.64,3259
chr7,0.65,2651
chr7,0.66,2241
chr7,0.67,1584
chr7,0.68,1317
chr7,0.69,965
chr7,0.7,726
chr7,0.71,542
chr7,0.72,445
chr7,0.73,334
chr7,0.74,259
chr7,0.75,213
chr7,0.76,168
chr7,0.77,146
chr7,0.78,124
chr7,0.79,97
chr7,0.8,76
chr8,0.2,479
chr8,0.21,1142
chr8,0.22,2526
chr8,0.23,4836
chr8,0.24,8051
chr8,0.25,12640
chr8,0.26,17814
chr8,0.27,23943
chr8,0.28,32368
chr8,0.29,37305
chr8,0.3,45283
chr8,0.31,51053
chr8,0.32,57433
chr8,0.33,58952
chr8,0.34,69861
chr8,0.35,69731
chr8,0.36,72136
chr8,0.37,68951
chr8,0.38,73262
chr8,0.39,69756
chr8,0.4,67520
chr8,0.41,63487
chr8,0.42,61033
chr8,0.43,56461
chr8,0.44,53373
chr8,0.45,50644
chr8,0.46,48073
chr8,0.47,43124
chr8,0.48,40552
chr8,0.49,38835
chr8,0.5,31983
chr8,0.51,32921
chr8,0.52,27877
chr8,0.53,23603
chr8,0.54,20079
chr8,0.55,15847
chr8,0.56,12370
chr8,0.57,10146
chr8,0.58,8148
chr8,0.59,6675
chr8,0.6,5558
chr8,0.61,4611
chr8,0.62,3929
chr8,0.63,3028
chr8,0.64,2667
chr8,0.65,2151
chr8,0.66,1732
chr8,0.67,1202
chr8,0.68,987
chr8,0.69,714
chr8,0.7,528
chr8,0.71,410
chr8,0.72,329
chr8,0.73,237
chr8,0.74,205
chr8,0.75,170
chr8,0.76,130
chr8,0.77,110
chr8,0.78,93
chr8,0.79,77
chr8,0.8,59
chr9,0.2,273
chr9,0.21,652
chr9,0.22,1493
chr9,0.23,2896
chr9,0.24,4835
chr9,0.25,7795
chr9,0.26,11195
chr9,0.27,15401
chr9,0.28,20989
chr9,0.29,24741
chr9,0.3,30262
chr9,0.31,34388
chr9,0.32,39271
chr9,0.33,40689
chr9,0.34,48857
chr9,0.35,48941
chr9,0.36,51026
chr9,0.37,49565
chr9,0.38,52968
chr9,0.39,50975
chr9,0.4,50055
chr9,0.41,47532
chr9,0.42,45746
chr9,0.43,42923
chr9,0.44,41112
chr9,0.45,39257
chr9,0.46,37524
chr9,0.47,33867
chr9,0.48,32350
chr9,0.49,31716
chr9,0.5,26790
chr9,0.51,28325
chr9,0.52,24804
chr9,0.53,21782
chr9,0.54,19026
chr9,0.55,15526
chr9,0.56,12558
chr9,0.57,10703
chr9,0.58,8875
chr9,0.59,7626
chr9,0.6,6682
chr9,0.61,5693
chr9,0.62,4974
chr9,0.63,3971
chr9,0.64,3502
chr9,0.65,2893
chr9,0.66,2383
chr9,0.67,1660
chr9,0.68,1346
chr9,0.69,991
chr9,0.7,712
chr9,0.71,488
chr9,0.72,379
chr9,0.73,263
chr9,0.74,209
chr9,0.75,166
chr9,0.76,140
chr9,0.77,122
chr9,0.78,103
chr9,0.79,78
chr9,0.8,64
chr10,0.2,314
chr10,0.21,761
chr10,0.22,1706
chr10,0.23,3246
chr10,0.24,5590
chr10,0.25,9049
chr10,0.26,12774
chr10,0.27,17428
chr10,0.28,23929
chr10,0.29,28066
chr10,0.3,34361
chr10,0.31,39406
chr10,0.32,44371
chr10,0.33,45588
chr10,0.34,55104
chr10,0.35,55096
chr10,0.36,57554
chr10,0.37,56040
chr10,0.38,60119
chr10,0.39,57975
chr10,0.4,57219
chr10,0.41,54847
chr10,0.42,53534
chr10,0.43,50839
chr10,0.44,49038
chr10,0.45,47903
chr10,0.46,46660
chr10,0.47,43304
chr10,0.48,41943
chr10,0.49,41895
chr10,0.5,35728
chr10,0.51,37669
chr10,0.52,33179
chr10,0.53,29053
chr10,0.54,25054
chr10,0.55,20440
chr10,0.56,16534
chr10,0.57,13726
chr10,0.58,11166
chr10,0.59,9310
chr10,0.6,7710
chr10,0.61,6169
chr10,0.62,5014
chr10,0.63,3671
chr10,0.64,3055
chr10,0.65,2291
chr10,0.66,1787
chr10,0.67,1195
chr10,0.68,964
chr10,0.69,695
chr10,0.7,520
chr10,0.71,388
chr10,0.72,327
chr10,0.73,254
chr10,0.74,205
chr10,0.75,180
chr10,0.76,144
chr10,0.77,127
chr10,0.78,112
chr10,0.79,83
chr10,0.8,70
chr11,0.2,317
chr11,0.21,774
chr11,0.22,1764
chr11,0.23,3312
chr11,0.24,5616
chr11,0.25,9094
chr11,0.26,12617
chr11,0.27,17456
chr11,0.28,23753
chr11,0.29,27869
chr11,0.3,34520
chr11,0.31,39803
chr11,0.32,45070
chr11,0.33,47184
chr11,0.34,57306
chr11,0.35,57765
chr11,0.36,60320
chr11,0.37,58641
chr11,0.38,62156
chr11,0.39,59439
chr11,0.4,58271
chr11,0.41,55318
chr11,0.42,53308
chr11,0.43,50215
chr11,0.44,47809
chr11,0.45,45949
chr11,0.46,44131
chr11,0.47,40321
chr11,0.48,39096
chr11,0.49,38798
chr11,0.5,32984
chr11,0.51,34886
chr11,0.52,30861
chr11,0.53,27131
chr11,0.54,24048
chr11,0.55,20069
chr11,0.56,16536
chr11,0.57,14001
chr11,0.58,11606
chr11,0.59,9829
chr11,0.6,8463
chr11,0.61,7126
chr11,0.62,6109
chr11,0.63,4717
chr11,0.64,4162
chr11,0.65,3260
chr11,0.66,2743
chr11,0.67,1863
chr11,0.68,1482
chr11,0.69,1075
chr11,0.7,795
chr11,0.71,565
chr11,0.72,437
chr11,0.73,318
chr11,0.74,252
chr11,0.75,209
chr11,0.76,172
chr11,0.77,142
chr11,0.78,119
chr11,0.79,94
chr11,0.8,78
chr12,0.2,366
chr12,0.21,922
chr12,0.22,2045
chr12,0.23,3824
chr12,0.24,6497
chr12,0.25,10428
chr12,0.26,14576
chr12,0.27,19771
chr12,0.28,26947
chr12,0.29,31431
chr12,0.3,38035
chr12,0.31,43450
chr12,0.32,48767
chr12,0.33,50325
chr12,0.34,60471
chr12,0.35,59693
chr12,0.36,62460
chr12,0.37,59772
chr12,0.38,63404
chr12,0.39,60419
chr12,0.4,59102
chr12,0.41,55479
chr12,0.42,53829
chr12,0.43,50680
chr12,0.44,48009
chr12,0.45,46142
chr12,0.46,44360
chr12,0.47,40358
chr12,0.48,38675
chr12,0.49,38293
chr12,0.5,32468
chr12,0.51,34116
chr12,0.52,29570
chr12,0.53,25602
chr12,0.54,21927
chr12,0.55,17279
chr12,0.56,13423
chr12,0.57,10741
chr12,0.58,8410
chr12,0.59,6772
chr12,0.6,5539
chr12,0.61,4506
chr12,0.62,3677
chr12,0.63,2754
chr12,0.64,2289
chr12,0.65,1747
chr12,0.66,1363
chr12,0.67,946
chr12,0.68,791
chr12,0.69,616
chr12,0.7,464
chr12,0.71,356
chr12,0.72,297
chr12,0.73,233
chr12,0.74,188
chr12,0.75,155
chr12,0.76,124
chr12,0.77,104
chr12,0.78,85
chr12,0.79,64
chr12,0.8,56
chr13,0.2,502
chr13,0.21,1191
chr13,0.22,2658
chr13,0.23,4788
chr13,0.24,7834
chr13,0.25,12069
chr13,0.26,16619
chr13,0.27,21453
chr13,0.28,28066
chr13,0.29,31300
chr13,0.3,36930
chr13,0.31,40796
chr13,0.32,44551
chr13,0.33,43861
chr13,0.34,50958
chr13,0.35,49267
chr13,0.36,49488
chr13,0.37,46341
chr13,0.38,47997
chr13,0.39,44857
chr13,0.4,42668
chr13,0.41,39517
chr13,0.42,37079
chr13,0.43,34026
chr13,0.44,31489
chr13,0.45,29282
chr13,0.46,27516
chr13,0.47,24142
chr13,0.48,22542
chr13,0.49,21687
chr13,0.5,17814
chr13,0.51,18020
chr13,0.52,15174
chr13,0.53,12821
chr13,0.54,10767
chr13,0.55,8345
chr13,0.56,6364
chr13,0.57,4942
chr13,0.58,3788
chr13,0.59,2941
chr13,0.6,2363
chr13,0.61,1859
chr13,0.62,1474
chr13,0.63,1098
chr13,0.64,917
chr13,0.65,728
chr13,0.66,604
chr13,0.67,416
chr13,0.68,363
chr13,0.69,285
chr13,0.7,231
chr13,0.71,182
chr13,0.72,156
chr13,0.73,116
chr13,0.74,94
chr13,0.75,85
chr13,0.76,67
chr13,0.77,61
chr13,0.78,50
chr13,0.79,41
chr13,0.8,35
chr14,0.2,263
chr14,0.21,632
chr14,0.22,1438
chr14,0.23,2723
chr14,0.24,4454
chr14,0.25,7190
chr14,0.26,10263
chr14,0.27,13731
chr14,0.28,18665
chr14,0.29,21675
chr14,0.3,26306
chr14,0.31,29972
chr14,0.32,33665
chr14,0.33,34270
chr14,0.34,40651
chr14,0.35,40371
chr14,0.36,41939
chr14,0.37,39994
chr14,0.38,42492
chr14,0.39,40838
chr14,0.4,39330
chr14,0.41,37066
chr14,0.42,35906
chr14,0.43,33625
chr14,0.44,31858
chr14,0.45,30645
chr14,0.46,29418
chr14,0.47,26649
chr14,0.48,25478
chr14,0.49,25006
chr14,0.5,21016
chr14,0.51,22311
chr14,0.52,19470
chr14,0.53,16936
chr14,0.54,14674
chr14,0.55,11780
chr14,0.56,9248
chr14,0.57,7629
chr14,0.58,6122
chr14,0.59,5034
chr14,0.6,4278
chr14,0.61,3586
chr14,0.62,3080
chr14,0.63,2449
chr14,0.64,2138
chr14,0.65,1697
chr14,0.66,1446
chr14,0.67,1061
chr14,0.68,851
chr14,0.69,623
chr14,0.7,449
chr14,0.71,310
chr14,0.72,251
chr14,0.73,190
chr14,0.74,149
chr14,0.75,129
chr14,0.76,99
chr14,0.77,84
chr14,0.78,70
chr14,0.79,60
chr14,0.8,50
chr15,0.2,156
chr15,0.21,378
chr15,0.22,819
chr15,0.23,1594
chr15,0.24,2756
chr15,0.25,4551
chr15,0.26,6695
chr15,0.27,9211
chr15,0.28,13009
chr15,0.29,15395
chr15,0.3,19174
chr15,0.31,21873
chr15,0.32,25454
chr15,0.33,26147
chr15,0.34,31929
chr15,0.35,32078
chr15,0.36,34079
chr15,0.37,33235
chr15,0.38,35757
chr15,0.39,35037
chr15,0.4,35038
chr15,0.41,33646
chr15,0.42,33284
chr15,0.43,31621
chr15,0.44,30782
chr15,0.45,29948
chr15,0.46,29392
chr15,0.47,27217
chr15,0.48,26544
chr15,0.49,26565
chr15,0.5,22620
chr15,0.51,24152
chr15,0.52,21423
chr15,0.53,18784
chr15,0.54,16365
chr15,0.55,13336
chr15,0.56,10645
chr15,0.57,8786
chr15,0.58,7139
chr15,0.59,5885
chr15,0.6,4866
chr15,0.61,3871
chr15,0.62,3049
chr15,0.63,2178
chr15,0.64,1721
chr15,0.65,1254
chr15,0.66,911
chr15,0.67,579
chr15,0.68,462
chr15,0.69,334
chr15,0.7,250
chr15,0.71,201
chr15,0.72,192
chr15,0.73,150
chr15,0.74,128
chr15,0.75,119
chr15,0.76,106
chr15,0.77,89
chr15,0.78,75
chr15,0.79,65
chr15,0.8,55
chr16,0.2,81
chr16,0.21,199
chr16,0.22,487
chr16,0.23,907
chr16,0.24,1587
chr16,0.25,2686
chr16,0.26,4002
chr16,0.27,5625
chr16,0.28,7927
chr16,0.29,9590
chr16,0.3,12280
chr16,0.31,14346
chr16,0.32,16820
chr16,0.33,18296
chr16,0.34,23107
chr16,0.35,24281
chr16,0.36,26351
chr16,0.37,26559
chr16,0.38,29540
chr16,0.39,29477
chr16,0.4,30183
chr16,0.41,29997
chr16,0.42,30877
chr16,0.43,30426
chr16,0.44,30352
chr16,0.45,30734
chr16,0.46,30826
chr16,0.47,29624
chr16,0.48,29593
chr16,0.49,30146
chr16,0.5,26125
chr16,0.51,28235
chr16,0.52,25150
chr16,0.53,22136
chr16,0.54,19191
chr16,0.55,15769
chr16,0.56,12581
chr16,0.57,10574
chr16,0.58,8645
chr16,0.59,7395
chr16,0.6,6500
chr16,0.61,5583
chr16,0.62,4792
chr16,0.63,3945
chr16,0.64,3622
chr16,0.65,3052
chr16,0.66,2664
chr16,0.67,1957
chr16,0.68,1625
chr16,0.69,1227
chr16,0.7,901
chr16,0.71,630
chr16,0.72,472
chr16,0.73,328
chr16,0.74,226
chr16,0.75,189
chr16,0.76,146
chr16,0.77,114
chr16,0.78,102
chr16,0.79,75
chr16,0.8,64
chr17,0.2,85
chr17,0.21,218
chr17,0.22,506
chr17,0.23,966
chr17,0.24,1647
chr17,0.25,2691
chr17,0.26,4001
chr17,0.27,5617
chr17,0.28,7860
chr17,0.29,9388
chr17,0.3,11887
chr17,0.31,14030
chr17,0.32,16075
chr17,0.33,17096
chr17,0.34,20762
chr17,0.35,21586
chr17,0.36,23119
chr17,0.37,22972
chr17,0.38,25304
chr17,0.39,25265
chr17,0.4,25789
chr17,0.41,25747
chr17,0.42,26163
chr17,0.43,26082
chr17,0.44,25993
chr17,0.45,26680
chr17,0.46,27267
chr17,0.47,26735
chr17,0.48,27282
chr17,0.49,28823
chr17,0.5,26085
chr17,0.51,29608
chr17,0.52,27447
chr17,0.53,25191
chr17,0.54,22858
chr17,0.55,19014
chr17,0.56,15919
chr17,0.57,13670
chr17,0.58,11610
chr17,0.59,10140
chr17,0.6,8849
chr17,0.61,7744
chr17,0.62,6521
chr17,0.63,5126
chr17,0.64,4365
chr17,0.65,3491
chr17,0.66,2853
chr17,0.67,1909
chr17,0.68,1516
chr17,0.69,1091
chr17,0.7,788
chr17,0.71,567
chr17,0.72,446
chr17,0.73,330
chr17,0.74,269
chr17,0.75,221
chr17,0.76,184
chr17,0.77,156
chr17,0.78,134
chr17,0.79,108
chr17,0.8,90
chr18,0.2,273
chr18,0.21,626
chr18,0.22,1446
chr18,0.23,2755
chr18,0.24,4475
chr18,0.25,7110
chr18,0.26,9892
chr18,0.27,13256
chr18,0.28,17869
chr18,0.29,20711
chr18,0.3,24910
chr18,0.31,27791
chr18,0.32,31140
chr18,0.33,31643
chr18,0.34,37302
chr18,0.35,36895
chr18,0.36,38127
chr18,0.37,36115
chr18,0.38,38262
chr18,0.39,36491
chr18,0.4,35414
chr18,0.41,33208
chr18,0.42,32116
chr18,0.43,29563
chr18,0.44,28026
chr18,0.45,26396
chr18,0.46,25049
chr18,0.47,22636
chr18,0.48,21447
chr18,0.49,20799
chr18,0.5,16890
chr18,0.51,17327
chr18,0.52,14800
chr18,0.53,12571
chr18,0.54,10605
chr18,0.55,8406
chr18,0.56,6565
chr18,0.57,5236
chr18,0.58,4031
chr18,0.59,3231
chr18,0.6,2592
chr18,0.61,1975
chr18,0.62,1573
chr18,0.63,1132
chr18,0.64,916
chr18,0.65,690
chr18,0.66,542
chr18,0.67,376
chr18,0.68,310
chr18,0.69,249
chr18,0.7,199
chr18,0.71,159
chr18,0.72,134
chr18,0.73,113
chr18,0.74,99
chr18,0.75,85
chr18,0.76,69
chr18,0.77,61
chr18,0.78,51
chr18,0.79,43
chr18,0.8,35
chr19,0.2,51
chr19,0.21,115
chr19,0.22,236
chr19,0.23,452
chr19,0.24,754
chr19,0.25,1171
chr19,0.26,1694
chr19,0.27,2301
chr19,0.28,3189
chr19,0.29,3711
chr19,0.3,4705
chr19,0.31,5566
chr19,0.32,6554
chr19,0.33,7173
chr19,0.34,9119
chr19,0.35,9997
chr19,0.36,10938
chr19,0.37,10977
chr19,0.38,12120
chr19,0.39,12140
chr19,0.4,12569
chr19,0.41,13075
chr19,0.42,13847
chr19,0.43,14371
chr19,0.44,15280
chr19,0.45,16244
chr19,0.46,17678
chr19,0.47,18026
chr19,0.48,19389
chr19,0.49,21407
chr19,0.5,20171
chr19,0.51,23443
chr19,0.52,22332
chr19,0.53,20869
chr19,0.54,19210
chr19,0.55,16069
chr19,0.56,13211
chr19,0.57,11429
chr19,0.58,9535
chr19,0.59,8400
chr19,0.6,7482
chr19,0.61,6674
chr19,0.62,5967
chr19,0.63,4929
chr19,0.64,4394
chr19,0.65,3664
chr19,0.66,3212
chr19,0.67,2331
chr19,0.68,1955
chr19,0.69,1464
chr19,0.7,1155
chr19,0.71,820
chr19,0.72,681
chr19,0.73,484
chr19,0.74,373
chr19,0.75,296
chr19,0.76,229
chr19,0.77,183
chr19,0.78,147
chr19,0.79,103
chr19,0.8,84
chr20,0.2,81
chr20,0.21,192
chr20,0.22,458
chr20,0.23,866
chr20,0.24,1439
chr20,0.25,2385
chr20,0.26,3552
chr20,0.27,4997
chr20,0.28,7011
chr20,0.29,8533
chr20,0.3,10758
chr20,0.31,12783
chr20,0.32,14774
chr20,0.33,15562
chr20,0.34,19497
chr20,0.35,20272
chr20,0.36,22160
chr20,0.37,22009
chr20,0.38,24642
chr20,0.39,24722
chr20,0.4,25408
chr20,0.41,25040
chr20,0.42,25639
chr20,0.43,25314
chr20,0.44,25256
chr20,0.45,25357
chr20,0.46,25622
chr20,0.47,24280
chr20,0.48,24138
chr20,0.49,24535
chr20,0.5,21225
chr20,0.51,22802
chr20,0.52,20308
chr20,0.53,18080
chr20,0.54,16123
chr20,0.55,13239
chr20,0.56,10806
chr20,0.57,9110
chr20,0.58,7491
chr20,0.59,6342
chr20,0.6,5322
chr20,0.61,4382
chr20,0.62,3646
chr20,0.63,2875
chr20,0.64,2436
chr20,0.65,1941
chr20,0.66,1606
chr20,0.67,1100
chr20,0.68,864
chr20,0.69,626
chr20,0.7,449
chr20,0.71,313
chr20,0.72,242
chr20,0.73,175
chr20,0.74,130
chr20,0.75,108
chr20,0.76,94
chr20,0.77,85
chr20,0.78,77
chr20,0.79,63
chr20,0.8,54
chr21,0.2,134
chr21,0.21,322
chr21,0.22,724
chr21,0.23,1322
chr21,0.24,2075
chr21,0.25,3362
chr21,0.26,4512
chr21,0.27,5944
chr21,0.28,7829
chr21,0.29,8876
chr21,0.3,10629
chr21,0.31,11809
chr21,0.32,12947
chr21,0.33,13097
chr21,0.34,15429
chr21,0.35,15341
chr21,0.36,15883
chr21,0.37,15098
chr21,0.38,15715
chr21,0.39,14907
chr21,0.4,14484
chr21,0.41,13653
chr21,0.42,13154
chr21,0.43,12322
chr21,0.44,11750
chr21,0.45,11382
chr21,0.46,10985
chr21,0.47,9939
chr21,0.48,9480
chr21,0.49,9335
chr21,0.5,8020
chr21,0.51,8556
chr21,0.52,7377
chr21,0.53,6476
chr21,0.54,5665
chr21,0.55,4624
chr21,0.56,3764
chr21,0.57,3254
chr21,0.58,2775
chr21,0.59,2347
chr21,0.6,2088
chr21,0.61,1843
chr21,0.62,1627
chr21,0.63,1376
chr21,0.64,1243
chr21,0.65,1032
chr21,0.66,916
chr21,0.67,655
chr21,0.68,565
chr21,0.69,415
chr21,0.7,288
chr21,0.71,196
chr21,0.72,139
chr21,0.73,95
chr21,0.74,67
chr21,0.75,59
chr21,0.76,53
chr21,0.77,49
chr21,0.78,68
chr21,0.79,113
chr21,0.8,88
chr22,0.2,23
chr22,0.21,58
chr22,0.22,120
chr22,0.23,235
chr22,0.24,402
chr22,0.25,692
chr22,0.26,1027
chr22,0.27,1495
chr22,0.28,2128
chr22,0.29,2651
chr22,0.3,3369
chr22,0.31,4014
chr22,0.32,4649
chr22,0.33,4935
chr22,0.34,6381
chr22,0.35,6753
chr22,0.36,7314
chr22,0.37,7475
chr22,0.38,8523
chr22,0.39,8904
chr22,0.4,9376
chr22,0.41,9765
chr22,0.42,10355
chr22,0.43,10587
chr22,0.44,11097
chr22,0.45,11703
chr22,0.46,12202
chr22,0.47,12172
chr22,0.48,12765
chr22,0.49,13859
chr22,0.5,12673
chr22,0.51,14421
chr22,0.52,13588
chr22,0.53,12755
chr22,0.54,12109
chr22,0.55,10249
chr22,0.56,8898
chr22,0.57,8135
chr22,0.58,7268
chr22,0.59,6628
chr22,0.6,6111
chr22,0.61,5428
chr22,0.62,4901
chr22,0.63,4018
chr22,0.64,3500
chr22,0.65,2756
chr22,0.66,2198
chr22,0.67,1428
chr22,0.68,1066
chr22,0.69,703
chr22,0.7,469
chr22,0.71,312
chr22,0.72,224
chr22,0.73,159
chr22,0.74,127
chr22,0.75,105
chr22,0.76,91
chr22,0.77,73
chr22,0.78,62
chr22,0.79,55
chr22,0.8,50
chrX,0.2,287
chrX,0.21,721
chrX,0.22,1651
chrX,0.23,3052
chrX,0.24,5594
chrX,0.25,9153
chrX,0.26,13791
chrX,0.27,19260
chrX,0.28,25943
chrX,0.29,30954
chrX,0.3,38682
chrX,0.31,44286
chrX,0.32,50481
chrX,0.33,52810
chrX,0.34,63480
chrX,0.35,62732
chrX,0.36,65452
chrX,0.37,62724
chrX,0.38,65461
chrX,0.39,61537
chrX,0.4,59141
chrX,0.41,54190
chrX,0.42,50641
chrX,0.43,45971
chrX,0.44,42036
chrX,0.45,38841
chrX,0.46,36385
chrX,0.47,31804
chrX,0.48,29133
chrX,0.49,27507
chrX,0.5,21971
chrX,0.51,22486
chrX,0.52,19490
chrX,0.53,16761
chrX,0.54,14265
chrX,0.55,10917
chrX,0.56,8348
chrX,0.57,6345
chrX,0.58,4581
chrX,0.59,3421
chrX,0.6,2545
chrX,0.61,1951
chrX,0.62,1526
chrX,0.63,1136
chrX,0.64,958
chrX,0.65,758
chrX,0.66,618
chrX,0.67,447
chrX,0.68,359
chrX,0.69,287
chrX,0.7,253
chrX,0.71,187
chrX,0.72,161
chrX,0.73,123
chrX,0.74,102
chrX,0.75,83
chrX,0.76,64
chrX,0.77,57
chrX,0.78,46
chrX,0.79,35
chrX,0.8,32
chrY,0.2,13
chrY,0.21,14.5
chrY,0.22,4.5
chrY,0.23,8
chrY,0.24,5
chrY,0.25,8
chrY,0.26,12
chrY,0.27,19
chrY,0.28,32
chrY,0.29,22
chrY,0.3,24
chrY,0.31,26
chrY,0.32,30
chrY,0.33,28
chrY,0.34,29
chrY,0.35,29
chrY,0.36,34
chrY,0.37,34
chrY,0.38,40
chrY,0.39,42
chrY,0.4,49
chrY,0.41,49
chrY,0.42,49
chrY,0.43,57
chrY,0.44,69
chrY,0.45,81
chrY,0.46,120
chrY,0.47,118
chrY,0.48,115
chrY,0.49,92
chrY,0.5,56
chrY,0.51,58
chrY,0.52,43
chrY,0.53,29
chrY,0.54,19
chrY,0.55,20
chrY,0.56,12
chrY,0.57,8
chrY,0.58,82.5
chrY,0.59,76
chrY,0.6,43
chrY,0.61,4
chrY,0.62,5
chrY,0.63,25
chrY,0.64,23
chrY,0.65,17.5
chrY,0.66,22
chrY,0.67,21
chrY,0.68,15
chrY,0.69,15
chrY,0.7,11
chrY,0.71,8
chrY,0.72,7
chrY,0.73,4
chrY,0.74,4
chrY,0.75,2
chrY,0.76,2
chrY,0.77,1
chrY,0.78,2
chrY,0.8,1
chrY,0.79,1
